Jueves, 9 de octubre - Lenguajes de Marcas UD1
Martes, 14 de octubre - Bases de Datos UD1
Jueves, 16 de octubre - Sistemas Informáticos UD1
Lunes, 20 de octubre - Programación UD1
Miércoles, 22 de octubre - Entornos de Desarrollo UD1
Miércoles, 5 de noviembre - Lenguajes de Marcas UD2
Martes, 11 de Noviembre - Bases de Datos UD2
Jueves, 13 de Noviembre - Sistemas Informáticos UD2
Martes, 18 de noviembre - Programación UD2
Viernes, 21 de noviembre - IPE UD3
Lunes, 24 de noviembre - Bases de Datos UD3
Martes, 25 de noviembre - Leanguajes de Marcas UD3
Jueves, 27 de noviembre - Sistemas Informáticos UD3
Miércoles, 3 de diciembre - Entornos de Desarrollo UD3